date, pm25, pm10, o3, no2
2020/5/1, 12, 5, , 
2020/5/2, 29, 7, , 1
2020/5/3, 37, 12, , 
2020/5/4, 40, 32, , 2
2020/5/5, 36, 32, , 2
2020/5/6, 34, 32, , 2
2020/5/7, 44, 45, , 6
2020/5/8, 56, 30, , 4
2020/5/9, 49, 22, , 
2020/5/11, 28, 28, , 2
2020/5/12, 34, 44, , 4
2020/5/13, 51, 15, , 1
2020/5/14, 28, 23, , 4
2020/5/15, 31, 26, , 1
2020/5/16, 38, 17, , 1
2020/5/17, 29, 33, , 4
2020/5/18, 45, 34, , 5
2020/5/19, 42, 26, , 2
2020/5/20, 38, 15, , 1
2020/5/21, 24, 38, , 4
2020/5/22, 48, 20, , 
2020/5/23, 27, 14, , 
2020/5/24, 25, 12, , 1
2020/5/25, 26, 23, , 2
2020/5/26, 27, 28, , 2
2020/5/27, 39, 23, , 2
2020/5/28, 28, , , 
2020/4/9, 62, 42, 43, 6
2020/4/10, 38, 20, , 
2020/4/11, 32, 21, , 2
2020/4/12, 43, 15, , 1
2020/4/13, 33, 19, , 1
2020/4/14, 35, 19, 34, 2
2020/4/15, 54, 34, , 4
2020/4/16, 61, 47, , 6
2020/4/17, 61, 42, , 5
2020/4/18, 53, 34, , 3
2020/4/19, 42, 23, , 1
2020/4/20, 44, 23, , 2
2020/4/21, 54, 28, , 2
2020/4/22, 53, 33, , 3
2020/4/23, 54, 45, , 5
2020/4/24, 67, 40, , 5
2020/4/25, 35, 19, , 
2020/4/26, 37, 20, , 1
2020/4/27, 59, 46, , 6
2020/4/28, 49, 38, , 5
2020/4/29, 24, 18, , 
2020/4/30, 14, 6, , 
2020/5/10, , 13, , 
2020/4/1, , 37, 29, 7
2020/4/2, , 47, 27, 6
2020/4/3, , 26, 36, 4
2020/4/4, , 18, 36, 3
2020/4/5, , 18, 36, 3
2020/4/6, , 18, 45, 4
2020/4/7, , 33, 33, 6
2020/4/8, , 37, 49, 7
2020/3/1, , 12, 30, 3
2020/3/2, , 10, 29, 8
2020/3/3, , 12, 26, 3
2020/3/4, , 15, 24, 3
2020/3/5, , 13, 24, 5
2020/3/6, , 9, 30, 4
2020/3/7, , 12, 31, 2
2020/3/8, , 12, 28, 3
2020/3/9, , 7, 27, 3
2020/3/10, , 8, 26, 5
2020/3/13, , 10, 29, 4
2020/3/14, , 10, 33, 2
2020/3/15, , 10, 29, 7
2020/3/16, , 28, 29, 6
2020/3/17, , 31, 32, 4
2020/3/18, , 29, 28, 6
2020/3/19, , 37, 28, 3
2020/3/20, , 31, 27, 
2020/3/21, , 11, 30, 
2020/3/23, , 14, 34, 4
2020/3/24, , 23, 36, 6
2020/3/25, , 36, 34, 5
2020/3/26, , 39, 36, 5
2020/3/27, , 45, 43, 5
2020/3/28, , 51, 28, 
2020/3/29, , 22, 28, 7
2020/3/30, , 23, 33, 4
2020/3/31, , 19, 31, 7
2020/2/1, , 8, 29, 
2020/2/2, , 10, 28, 3
2020/2/3, , 13, 28, 3
2020/2/4, , 11, 21, 8
2020/2/5, , 16, 12, 12
2020/2/6, , 33, 20, 6
2020/2/7, , 43, 22, 2
2020/2/8, , 31, 21, 
2020/2/9, , 13, , 
2020/2/10, , 5, , 
2020/2/11, , 10, , 6
2020/2/12, , 11, , 2
2020/2/13, , 9, , 7
2020/2/14, , 10, , 2
2020/2/15, , 11, , 
2020/2/16, , 8, , 
2020/2/17, , 10, , 3
2020/2/18, , 9, , 4
2020/2/19, , 10, , 
2020/2/20, , 9, , 
2020/2/21, , 12, , 
2020/2/22, , 9, , 
2020/2/24, , 11, 31, 2
2020/2/25, , 6, 28, 6
2020/2/27, , 10, 29, 4
2020/2/28, , 11, 32, 
2020/2/29, , 14, 31, 
2020/1/1, , 33, 15, 6
2020/1/2, , 29, 25, 
2020/1/3, , 18, 23, 2
2020/1/4, , 11, 23, 3
2020/1/5, , 10, 24, 3
2020/1/6, , 11, 19, 6
2020/1/7, , 12, 22, 5
2020/1/8, , 9, 22, 3
2020/1/9, , 5, 25, 3
2020/1/10, , 5, 23, 3
2020/1/11, , 10, 25, 2
2020/1/12, , 8, 23, 2
2020/1/15, , 10, 24, 7
2020/1/16, , 11, 23, 5
2020/1/17, , 11, 26, 3
2020/1/18, , 10, 23, 2
2020/1/19, , 11, 14, 7
2020/1/20, , 21, 13, 12
2020/1/21, , 41, 7, 14
2020/1/22, , 27, 17, 10
2020/1/23, , 16, 3, 9
2020/1/24, , 21, 6, 10
2020/1/25, , 21, 18, 4
2020/1/26, , 21, 22, 3
2020/1/27, , 13, 29, 2
2020/1/29, , 10, 28, 2
2020/1/30, , 11, 24, 2
2020/1/31, , 7, 26, 2
2019/10/1, , 5, 27, 4
2019/10/3, , 6, 22, 4
2019/10/4, , 5, 23, 2
2019/10/5, , 10, 24, 2
2019/10/6, , 10, 21, 4
2019/10/7, , 11, 17, 4
2019/10/8, , 9, 22, 2
2019/10/9, , 10, 23, 
2019/10/10, , 5, 22, 2
2019/10/11, , 9, 27, 2
2019/10/12, , 8, 28, 2
2019/10/13, , 10, 22, 6
2019/10/14, , 17, 25, 10
2019/10/15, , 31, 24, 3
2019/10/16, , 19, 22, 
2019/10/19, , 10, 16, 3
2019/10/20, , 5, 23, 5
2019/10/21, , 9, 18, 6
2019/10/22, , 14, 11, 6
2019/10/23, , 24, 21, 5
2019/10/24, , 24, 24, 3
2019/10/25, , 13, 24, 
2019/10/26, , 5, 25, 
2019/10/27, , 5, 17, 8
2019/10/28, , 20, 20, 6
2019/10/29, , 28, 18, 8
2019/10/30, , 32, 17, 8
2019/10/31, , 33, 9, 3
2019/11/1, , 22, 27, 
2019/11/2, , 5, 24, 
2019/11/6, , 8, 18, 4
2019/11/7, , 6, 17, 7
2019/11/8, , 16, 13, 5
2019/11/9, , 29, 17, 3
2019/11/10, , 13, 18, 4
2019/11/11, , 22, 23, 3
2019/11/12, , 9, 23, 4
2019/11/13, , 5, 18, 5
2019/11/14, , 12, 12, 7
2019/11/15, , 17, 18, 5
2019/11/16, , 18, 12, 5
2019/11/17, , 15, 12, 6
2019/11/18, , 9, 23, 6
2019/11/20, , 14, 3, 8
2019/11/21, , 31, 19, 7
2019/11/22, , 20, 13, 4
2019/11/23, , 10, 5, 4
2019/11/24, , 13, , 9
2019/11/25, , 18, 15, 4
2019/11/26, , 13, 24, 3
2019/11/29, , 12, 20, 4
2019/11/30, , 18, 7, 3
2019/12/1, , 13, 8, 10
2019/12/2, , 17, 11, 9
2019/12/3, , 15, 11, 9
2019/12/4, , 14, 8, 10
2019/12/5, , 14, 22, 7
2019/12/6, , 15, 21, 3
2019/12/7, , 6, 28, 2
2019/12/8, , 5, 29, 4
2019/12/10, , 13, 22, 5
2019/12/11, , 10, 24, 3
2019/12/15, , 10, 26, 7
2019/12/16, , 7, 24, 2
2019/12/17, , 9, 22, 5
2019/12/18, , 10, 22, 2
2019/12/19, , 15, 25, 4
2019/12/20, , 18, 26, 3
2019/12/21, , 9, 24, 
2019/12/24, , 10, 24, 
2019/12/25, , 7, 20, 3
2019/12/26, , 11, 18, 8
2019/12/27, , 18, 5, 9
2019/12/28, , 23, , 5
2019/12/29, , 24, , 
2019/7/1, , 19, 33, 3
2019/7/2, , 13, 35, 3
2019/7/3, , 11, 35, 5
2019/7/4, , 16, 52, 6
2019/7/5, , 20, 51, 3
2019/7/6, , 18, 29, 2
2019/7/7, , 11, 27, 3
2019/7/8, , 7, 32, 
2019/7/9, , 6, 39, 4
2019/7/10, , 15, 27, 5
2019/7/11, , 15, 34, 3
2019/7/12, , 17, 30, 
2019/7/13, , 13, 26, 4
2019/7/14, , 5, 23, 3
2019/7/15, , 10, 17, 4
2019/7/16, , 11, 17, 3
2019/7/17, , 13, 43, 3
2019/7/18, , 18, 38, 4
2019/7/19, , 16, 33, 3
2019/7/20, , 15, 38, 
2019/7/21, , 11, 43, 6
2019/7/22, , 16, 54, 6
2019/7/23, , 22, 62, 8
2019/7/24, , 28, 81, 7
2019/7/25, , 39, 62, 9
2019/7/26, , 40, 48, 3
2019/7/27, , 23, 38, 3
2019/7/28, , 20, 44, 4
2019/7/29, , 24, 61, 5
2019/7/30, , 35, 31, 4
2019/7/31, , 21, 29, 3
2019/8/1, , 17, 44, 4
2019/8/2, , 20, 31, 
2019/8/3, , 16, 40, 2
2019/8/4, , 10, 47, 3
2019/8/5, , 10, 34, 3
2019/8/6, , 14, 34, 2
2019/8/7, , 12, 33, 3
2019/8/8, , 10, 33, 5
2019/8/9, , 17, 33, 
2019/8/10, , 12, 35, 2
2019/8/11, , 10, 29, 2
2019/8/12, , 9, 30, 3
2019/8/13, , 5, 39, 3
2019/8/14, , 11, 24, 3
2019/8/15, , 8, 36, 5
2019/8/16, , 12, 26, 
2019/8/17, , 11, 22, 
2019/8/19, , 11, 34, 4
2019/8/20, , 17, 39, 6
2019/8/21, , 19, 49, 10
2019/8/22, , 26, 65, 7
2019/8/23, , 27, 49, 6
2019/8/24, , 24, 52, 5
2019/8/25, , 20, 47, 7
2019/8/26, , 33, 51, 8
2019/8/27, , 41, 75, 9
2019/8/28, , 39, 34, 7
2019/8/29, , 29, 41, 5
2019/8/30, , 31, 52, 8
2019/8/31, , 32, 30, 4
2019/9/1, , 22, 30, 6
2019/9/2, , 20, 25, 4
2019/9/3, , 16, 32, 4
2019/9/4, , 14, 25, 3
2019/9/5, , 10, 31, 8
2019/9/6, , 15, 25, 5
2019/9/7, , 17, 23, 4
2019/9/8, , 11, 25, 6
2019/9/9, , 13, 33, 6
2019/9/10, , 27, 33, 7
2019/9/11, , 27, 25, 4
2019/9/12, , 12, 22, 4
2019/9/13, , 10, 31, 3
2019/9/14, , 13, 43, 3
2019/9/15, , 10, 17, 7
2019/9/16, , 13, 27, 2
2019/9/17, , 11, 26, 6
2019/9/18, , 19, 27, 5
2019/9/19, , 20, 28, 6
2019/9/20, , 28, 29, 6
2019/9/21, , 21, 39, 4
2019/9/22, , 11, 23, 4
2019/9/23, , 12, 26, 4
2019/9/24, , 30, 18, 3
2019/9/25, , 19, 14, 2
2019/9/26, , 8, 26, 3
2019/9/27, , 5, 22, 
2019/9/28, , 6, 25, 
2019/9/29, , 5, 24, 2
2019/4/1, , 21, 37, 6
2019/4/2, , 22, 30, 8
2019/4/3, , 14, 24, 9
2019/4/4, , 12, 24, 4
2019/4/5, , 14, 29, 3
2019/4/6, , 23, 44, 4
2019/4/7, , 24, 11, 6
2019/4/8, , 39, 31, 8
2019/4/9, , 46, 36, 6
2019/4/10, , 29, 34, 6
2019/4/11, , 26, 29, 6
2019/4/12, , 25, 30, 2
2019/4/13, , 17, 27, 
2019/4/14, , 18, 38, 4
2019/4/15, , 20, 43, 6
2019/4/16, , 25, 34, 7
2019/4/17, , 35, 45, 5
2019/4/18, , 31, 44, 2
2019/4/19, , 23, 58, 9
2019/4/20, , 21, 55, 3
2019/4/21, , 22, 48, 2
2019/4/22, , 16, 44, 3
2019/4/23, , 17, 43, 4
2019/4/24, , 29, 38, 4
2019/4/25, , 17, 28, 7
2019/4/26, , 14, 30, 4
2019/4/27, , 9, 28, 2
2019/4/28, , 10, 26, 4
2019/4/29, , 17, 39, 4
2019/4/30, , 26, 32, 3
2019/5/1, , 27, 32, 4
2019/5/2, , 35, 36, 3
2019/5/3, , 17, 32, 2
2019/5/4, , 8, 33, 
2019/5/5, , 10, 30, 5
2019/5/6, , 15, 26, 5
2019/5/7, , 20, 30, 3
2019/5/8, , 13, 30, 4
2019/5/9, , 8, 31, 5
2019/5/10, , 11, 33, 4
2019/5/11, , 13, 36, 2
2019/5/12, , 9, 36, 5
2019/5/13, , 13, 37, 6
2019/5/14, , 20, 36, 5
2019/5/15, , 18, 28, 3
2019/5/16, , 14, 21, 3
2019/5/18, , 27, 40, 2
2019/5/19, , 16, 25, 5
2019/5/20, , 31, 29, 3
2019/5/21, , 22, 37, 7
2019/5/22, , 11, 47, 4
2019/5/23, , 28, 51, 6
2019/5/24, , 32, 36, 2
2019/5/25, , 21, 37, 
2019/5/26, , 13, 31, 4
2019/5/27, , 10, 26, 4
2019/5/28, , 23, 35, 4
2019/5/29, , 11, 28, 
2019/5/30, , 7, 32, 3
2019/5/31, , 11, 44, 3
2019/6/1, , 16, 46, 2
2019/6/2, , 12, 38, 5
2019/6/3, , 17, 40, 3
2019/6/4, , 22, 51, 5
2019/6/5, , 18, 31, 3
2019/6/6, , 17, 36, 5
2019/6/7, , 17, 32, 
2019/6/8, , 12, 34, 
2019/6/10, , 10, 36, 3
2019/6/11, , 11, 29, 4
2019/6/12, , 19, 38, 4
2019/6/13, , 12, 48, 3
2019/6/14, , 10, 46, 3
2019/6/15, , 17, 34, 3
2019/6/16, , 17, 36, 5
2019/6/17, , 18, 52, 9
2019/6/18, , 31, 55, 8
2019/6/19, , 32, 37, 5
2019/6/20, , 17, 40, 4
2019/6/21, , 15, 41, 3
2019/6/22, , 18, 47, 4
2019/6/23, , 14, 46, 6
2019/6/24, , 24, 52, 3
2019/6/25, , 23, 79, 7
2019/6/26, , 29, 40, 2
2019/6/27, , 22, 39, 3
2019/6/28, , 14, 48, 3
2019/6/29, , 15, 80, 
2019/6/30, , 14, 43, 4
2019/1/1, , 25, 30, 5
2019/1/2, , 18, 22, 7
2019/1/3, , 13, 21, 3
2019/1/4, , 12, 25, 3
2019/1/5, , 8, 26, 
2019/1/7, , 5, 30, 2
2019/1/8, , 5, 30, 2
2019/1/10, , 11, 21, 9
2019/1/11, , 14, 27, 4
2019/1/12, , 7, 27, 
2019/1/15, , 10, 23, 
2019/1/16, , 8, 23, 4
2019/1/17, , 6, 23, 10
2019/1/18, , 10, 17, 8
2019/1/19, , 10, 14, 6
2019/1/20, , 12, 7, 14
2019/1/21, , 17, 20, 10
2019/1/22, , 20, 13, 10
2019/1/23, , 24, 11, 9
2019/1/24, , 35, 14, 11
2019/1/25, , 32, 22, 6
2019/1/26, , 15, 26, 2
2019/1/29, , 10, 16, 9
2019/1/30, , 8, 19, 11
2019/1/31, , 11, 23, 9
2019/2/1, , 11, 3, 11
2019/2/2, , 16, 17, 6
2019/2/3, , 30, 23, 2
2019/2/4, , 15, 21, 8
2019/2/5, , 8, 24, 6
2019/2/6, , 10, 26, 6
2019/2/7, , 11, 27, 
2019/2/8, , 8, 31, 
2019/2/12, , 12, 23, 8
2019/2/13, , 16, 18, 11
2019/2/14, , 27, 24, 10
2019/2/15, , 40, 24, 6
2019/2/16, , 30, 26, 3
2019/2/17, , 21, 32, 12
2019/2/18, , 26, 28, 5
2019/2/19, , 31, 24, 6
2019/2/20, , 19, 23, 6
2019/2/21, , 21, 17, 4
2019/2/22, , 23, 20, 5
2019/2/23, , 19, 27, 3
2019/2/24, , 19, 22, 8
2019/2/25, , 28, 22, 10
2019/2/26, , 26, 15, 11
2019/2/27, , 47, 28, 10
2019/2/28, , 55, 26, 5
2019/3/1, , 32, 24, 3
2019/3/2, , 16, 29, 2
2019/3/3, , 11, 36, 2
2019/3/4, , 5, 32, 5
2019/3/5, , 5, 29, 3
2019/3/6, , 7, 33, 2
2019/3/7, , 9, 32, 4
2019/3/8, , 5, 30, 2
2019/3/9, , 5, , 2
2019/3/10, , 5, 31, 3
2019/3/11, , 5, 34, 4
2019/3/12, , 5, 34, 3
2019/3/18, , 10, 31, 7
2019/3/19, , 12, 28, 7
2019/3/20, , 21, 29, 6
2019/3/21, , 29, 33, 7
2019/3/22, , 35, 28, 7
2019/3/23, , 43, 32, 4
2019/3/24, , 36, 36, 2
2019/3/25, , 10, 33, 4
2019/3/26, , 11, 32, 5
2019/3/27, , 17, 28, 6
2019/3/28, , 21, 31, 8
2019/3/29, , 22, 42, 4
2019/3/30, , 25, 32, 
2019/3/31, , 27, 29, 7
2018/10/1, , 16, 18, 4
2018/10/2, , 10, 29, 3
2018/10/3, , 12, 16, 6
2018/10/4, , 17, 28, 9
2018/10/5, , 22, 38, 6
2018/10/6, , 22, 29, 3
2018/10/7, , 21, 18, 9
2018/10/8, , 19, 15, 8
2018/10/9, , 33, 32, 7
2018/10/10, , 39, 31, 7
2018/10/11, , 31, 31, 6
2018/10/12, , 17, 38, 7
2018/10/13, , 14, 37, 2
2018/10/14, , 16, 37, 9
2018/10/15, , 18, 25, 11
2018/10/16, , 36, 27, 11
2018/10/17, , 43, 21, 7
2018/10/18, , 44, 16, 5
2018/10/19, , 25, 23, 4
2018/10/20, , 21, 23, 4
2018/10/21, , 18, 19, 9
2018/10/22, , 25, 19, 6
2018/10/23, , 27, 21, 3
2018/10/24, , 13, 18, 8
2018/10/25, , 11, 19, 6
2018/10/26, , 20, 21, 3
2018/10/27, , 12, 18, 
2018/10/28, , 8, 15, 
2018/10/29, , 5, 9, 3
2018/11/1, , 11, 21, 8
2018/11/2, , 11, 14, 5
2018/11/3, , 21, 7, 3
2018/11/4, , 26, 5, 7
2018/11/5, , 20, 2, 12
2018/11/6, , 29, 24, 7
2018/11/7, , 34, 22, 6
2018/11/8, , 14, 15, 6
2018/11/9, , 24, 22, 3
2018/11/10, , 13, 28, 
2018/11/11, , 7, 24, 8
2018/11/14, , 13, 7, 9
2018/11/15, , 28, 8, 10
2018/11/16, , 28, 14, 5
2018/11/17, , 25, 19, 6
2018/11/18, , 17, 17, 3
2018/11/19, , 13, 18, 6
2018/11/20, , 14, 14, 7
2018/11/21, , 20, 4, 6
2018/11/22, , 20, 2, 9
2018/11/23, , 18, 1, 11
2018/11/24, , 18, 1, 8
2018/11/25, , 10, 8, 5
2018/11/26, , 15, 12, 5
2018/11/27, , 26, 15, 5
2018/11/28, , 31, 19, 3
2018/11/29, , 16, 16, 5
2018/11/30, , 9, 26, 2
2018/12/1, , 12, 23, 2
2018/12/2, , 7, 24, 4
2018/12/3, , 5, 24, 6
2018/12/4, , 8, 18, 7
2018/12/5, , 16, 18, 7
2018/12/6, , 13, 26, 
2018/12/11, , 10, 7, 7
2018/12/12, , 12, 11, 5
2018/12/13, , 13, 10, 5
2018/12/14, , 19, 16, 4
2018/12/15, , 22, 15, 5
2018/12/16, , 18, 18, 6
2018/12/17, , 12, 24, 4
2018/12/18, , 7, 19, 6
2018/12/19, , 5, 23, 4
2018/12/22, , 7, 21, 
2018/12/23, , 10, 23, 2
2018/12/24, , 8, 13, 5
2018/12/25, , 5, 14, 3
2018/12/26, , 11, 7, 10
2018/12/27, , 20, 3, 11
2018/12/28, , 46, 16, 9
2018/12/29, , 34, 29, 5
2018/12/30, , 12, , 
2018/7/1, , 9, , 6
2018/7/2, , 12, , 6
2018/7/3, , 18, , 9
2018/7/4, , 33, , 6
2018/7/5, , 36, , 5
2018/7/6, , 19, , 2
2018/7/7, , 10, , 2
2018/7/8, , 10, , 4
2018/7/9, , 11, , 3
2018/7/10, , 9, , 6
2018/7/11, , 14, , 4
2018/7/12, , 18, , 3
2018/7/13, , 18, , 2
2018/7/14, , 19, , 
2018/7/15, , 15, , 6
2018/7/16, , 12, , 6
2018/7/17, , 23, , 4
2018/7/18, , 24, , 6
2018/7/19, , 23, , 9
2018/7/20, , 29, , 4
2018/7/21, , 26, , 3
2018/7/22, , 20, , 8
2018/7/23, , 22, , 7
2018/7/24, , 25, , 8
2018/7/25, , 29, , 8
2018/7/26, , 30, , 8
2018/7/27, , 35, , 3
2018/7/28, , 26, , 3
2018/7/29, , 16, , 7
2018/7/30, , 21, , 6
2018/7/31, , 30, , 6
2018/8/1, , 25, , 7
2018/8/2, , 24, , 7
2018/8/3, , 30, , 4
2018/8/4, , 26, , 2
2018/8/5, , 12, , 8
2018/8/6, , 13, , 9
2018/8/7, , 25, , 4
2018/8/8, , 24, , 7
2018/8/9, , 20, , 3
2018/8/10, , 12, , 6
2018/8/11, , 10, , 3
2018/8/12, , 10, , 10
2018/8/13, , 12, , 3
2018/8/14, , 12, , 4
2018/8/15, , 11, , 10
2018/8/16, , 17, , 7
2018/8/17, , 23, , 
2018/8/20, , 16, , 4
2018/8/21, , 14, , 8
2018/8/22, , 19, , 6
2018/8/23, , 39, , 2
2018/8/24, , 19, , 4
2018/8/25, , 8, , 
2018/8/28, , 13, , 8
2018/8/29, , 21, , 3
2018/8/30, , 21, , 6
2018/8/31, , 10, , 8
2018/9/1, , 20, , 5
2018/9/2, , 26, , 7
2018/9/3, , 20, , 6
2018/9/4, , 34, , 9
2018/9/5, , 24, , 11
2018/9/6, , 32, 17, 6
2018/9/7, , 30, 32, 5
2018/9/8, , 12, 35, 
2018/9/9, , 18, 28, 8
2018/9/10, , 11, 31, 5
2018/9/11, , 13, 24, 6
2018/9/12, , 16, 17, 6
2018/9/13, , 13, 25, 6
2018/9/14, , 15, 23, 5
2018/9/15, , 20, 34, 2
2018/9/16, , 12, 44, 11
2018/9/17, , 31, 46, 7
2018/9/18, , 38, 38, 8
2018/9/19, , 29, 38, 7
2018/9/20, , 31, 33, 3
2018/9/21, , 13, 24, 
2018/9/22, , 9, 22, 
2018/9/25, , 10, 25, 7
2018/9/26, , 15, 30, 9
2018/9/27, , 22, 10, 13
2018/9/28, , 32, 20, 3
2018/9/29, , 18, 23, 5
2018/9/30, , 14, 26, 5
2018/4/1, , 22, , 2
2018/4/2, , 30, , 3
2018/4/3, , 18, , 7
2018/4/4, , 20, , 3
2018/4/5, , 16, , 7
2018/4/6, , 29, , 3
2018/4/7, , 33, , 3
2018/4/8, , 18, , 11
2018/4/9, , 49, , 8
2018/4/10, , 65, , 5
2018/4/11, , 51, , 5
2018/4/12, , 39, , 13
2018/4/13, , 57, , 4
2018/4/14, , 57, , 2
2018/4/15, , 31, , 7
2018/4/16, , 21, , 5
2018/4/17, , 29, , 9
2018/4/18, , 34, , 8
2018/4/19, , 39, , 8
2018/4/20, , 38, , 5
2018/4/21, , 37, , 5
2018/4/22, , 28, , 5
2018/4/23, , 16, , 4
2018/4/24, , 13, , 5
2018/4/25, , 16, , 3
2018/4/26, , 12, , 6
2018/4/27, , 13, , 2
2018/4/28, , 19, , 
2018/4/29, , 17, , 4
2018/4/30, , 15, , 
2018/5/1, , 11, , 9
2018/5/2, , 22, , 6
2018/5/3, , 23, , 6
2018/5/4, , 21, , 5
2018/5/5, , 18, , 3
2018/5/6, , 12, , 7
2018/5/7, , 16, , 9
2018/5/8, , 24, , 6
2018/5/9, , 29, , 4
2018/5/10, , 37, , 3
2018/5/11, , 26, , 
2018/5/13, , 19, , 
2018/5/15, , 17, , 7
2018/5/16, , 21, , 3
2018/5/17, , 18, , 3
2018/5/18, , 19, , 2
2018/5/19, , 24, , 
2018/5/20, , 19, , 5
2018/5/21, , 10, , 7
2018/5/22, , 18, , 7
2018/5/23, , 20, , 6
2018/5/24, , 22, , 4
2018/5/25, , 15, , 3
2018/5/30, , 20, , 2
2018/5/31, , 21, , 6
2018/6/1, , 21, , 2
2018/6/2, , 20, , 
2018/6/3, , 18, , 4
2018/6/4, , 18, , 2
2018/6/5, , 25, , 5
2018/6/6, , 23, , 6
2018/6/7, , 24, , 6
2018/6/8, , 30, , 3
2018/6/9, , 34, , 
2018/6/10, , 20, , 4
2018/6/11, , 22, , 3
2018/6/12, , 15, , 
2018/6/13, , 10, , 4
2018/6/14, , 13, , 3
2018/6/15, , 17, , 3
2018/6/16, , 10, , 2
2018/6/17, , 11, , 3
2018/6/18, , 9, , 5
2018/6/19, , 11, , 4
2018/6/20, , 12, , 4
2018/6/21, , 14, , 3
2018/6/22, , 9, , 
2018/6/23, , 11, , 
2018/6/24, , 10, , 3
2018/6/25, , 8, , 3
2018/6/26, , 12, , 3
2018/6/27, , 14, , 7
2018/6/28, , 17, , 6
2018/6/29, , 20, , 3
2018/6/30, , 17, , 
2018/1/1, , 11, , 5
2018/1/2, , 7, , 
2018/1/4, , 12, , 6
2018/1/5, , 12, , 9
2018/1/6, , 12, , 3
2018/1/7, , 13, , 4
2018/1/8, , 11, , 6
2018/1/9, , 14, , 7
2018/1/10, , 13, , 11
2018/1/11, , 20, , 13
2018/1/12, , 31, , 6
2018/1/13, , 21, , 3
2018/1/14, , 15, , 5
2018/1/15, , 13, , 4
2018/1/16, , 8, , 5
2018/1/18, , 7, , 8
2018/1/21, , 10, , 7
2018/1/22, , 5, , 7
2018/1/23, , 15, , 
2018/1/24, , 11, , 8
2018/1/26, , 12, , 7
2018/1/27, , 23, , 
2018/1/28, , 13, , 2
2018/1/30, , 11, , 3
2018/1/31, , 11, , 5
2018/2/2, , 10, , 4
2018/2/3, , 12, , 3
2018/2/4, , 11, , 5
2018/2/5, , 13, , 11
2018/2/6, , 18, , 10
2018/2/7, , 30, , 13
2018/2/8, , 44, , 11
2018/2/9, , 50, , 5
2018/2/10, , 33, , 2
2018/2/11, , 14, , 6
2018/2/12, , 10, , 6
2018/2/13, , 12, , 7
2018/2/14, , 11, , 7
2018/2/15, , 13, , 11
2018/2/16, , 15, , 8
2018/2/17, , 20, , 4
2018/2/18, , 24, , 8
2018/2/19, , 21, , 7
2018/2/20, , 29, , 4
2018/2/21, , 44, , 11
2018/2/22, , 38, , 5
2018/2/23, , 28, , 3
2018/2/24, , 28, , 
2018/2/25, , 20, , 4
2018/2/26, , 19, , 7
2018/2/27, , 20, , 5
2018/2/28, , 29, , 3
2018/3/1, , 42, , 6
2018/3/2, , 44, , 5
2018/3/3, , 53, , 2
2018/3/4, , 45, , 5
2018/3/5, , 24, , 12
2018/3/6, , 23, , 8
2018/3/7, , 34, , 3
2018/3/8, , 25, , 4
2018/3/10, , 16, , 6
2018/3/11, , 12, , 7
2018/3/12, , 10, , 5
2018/3/13, , 7, , 7
2018/3/14, , 10, , 6
2018/3/15, , 17, , 4
2018/3/16, , 21, , 3
2018/3/17, , 12, , 
2018/3/18, , 16, , 6
2018/3/19, , 20, , 8
2018/3/20, , 26, , 10
2018/3/21, , 28, , 8
2018/3/22, , 32, , 7
2018/3/23, , 18, , 4
2018/3/24, , 21, , 4
2018/3/25, , 21, , 8
2018/3/26, , 42, , 7
2018/3/27, , 37, , 6
2018/3/28, , 21, , 5
2018/3/29, , 14, , 2
2018/3/30, , 13, , 4
2017/12/26, , 5, , 5
2017/12/28, , 10, , 4
2017/12/29, , 13, , 
2017/12/30, , 9, , 
2017/4/1, , 23, , 
2017/4/3, , 23, , 6
2017/4/4, , 39, , 6
2017/4/5, , 45, , 4
2017/4/6, , 26, , 8
2017/4/7, , 21, , 6
2017/4/8, , 29, , 4
2017/4/9, , 33, , 7
2017/4/10, , 26, , 9
2017/4/11, , 17, , 8
2017/4/12, , 26, , 7
2017/4/13, , 27, , 5
2017/4/14, , 19, , 4
2017/4/15, , 23, , 4
2017/4/16, , 15, , 
2017/4/17, , 16, , 5
2017/4/18, , 11, , 5
2017/4/19, , 12, , 6
2017/4/20, , 41, , 9
2017/4/21, , 51, , 2
2017/4/22, , 29, , 
2017/4/23, , 9, , 5
2017/4/24, , 15, , 3
2017/4/25, , 18, , 7
2017/4/26, , 29, , 6
2017/4/27, , 36, , 6
2017/4/28, , 31, , 4
2017/4/29, , 23, , 4
2017/4/30, , 12, , 3
2017/5/1, , 14, , 5
2017/5/2, , 13, , 5
2017/5/3, , 12, , 3
2017/5/4, , 18, , 4
2017/5/5, , 15, , 3
2017/5/6, , 19, , 5
2017/5/7, , 25, , 4
2017/5/8, , 18, , 4
2017/5/9, , 13, , 6
2017/5/10, , 38, , 6
2017/5/11, , 35, , 6
2017/5/12, , 18, , 3
2017/5/13, , 20, , 
2017/5/14, , 10, , 6
2017/5/15, , 21, , 6
2017/5/16, , 38, , 8
2017/5/17, , 32, , 4
2017/5/18, , 22, , 6
2017/5/19, , 19, , 3
2017/5/20, , 9, , 3
2017/5/21, , 10, , 7
2017/5/22, , 17, , 3
2017/5/23, , 20, , 5
2017/5/24, , 16, , 15
2017/5/25, , 17, , 4
2017/5/26, , 17, , 4
2017/5/27, , 16, , 3
2017/5/28, , 13, , 7
2017/5/29, , 23, , 5
2017/5/30, , 38, , 4
2017/5/31, , 20, , 5
2017/6/1, , 19, , 6
2017/6/2, , 28, , 5
2017/6/3, , 24, , 3
2017/6/4, , 21, , 12
2017/6/5, , 9, , 4
2017/6/6, , 10, , 5
2017/6/7, , 7, , 3
2017/6/8, , 13, , 
2017/1/2, , 20, , 8
2017/1/3, , 13, , 4
2017/1/4, , 12, , 7
2017/1/5, , 10, , 9
2017/1/6, , 13, , 7
2017/1/7, , 11, , 8
2017/1/8, , 12, , 9
2017/1/9, , 13, , 7
2017/1/10, , 11, , 6
2017/1/11, , 10, , 6
2017/1/12, , 13, , 7
2017/1/13, , 11, , 4
2017/1/14, , 10, , 10
2017/1/15, , 11, , 11
2017/1/16, , 19, , 13
2017/1/17, , 22, , 13
2017/1/18, , 24, , 17
2017/1/19, , 20, , 20
2017/1/20, , 17, , 12
2017/1/21, , 15, , 11
2017/1/22, , 15, , 18
2017/1/23, , 30, , 10
2017/1/24, , 45, , 12
2017/1/25, , 28, , 12
2017/1/26, , 23, , 11
2017/1/27, , 19, , 10
2017/1/28, , 14, , 5
2017/1/29, , 13, , 7
2017/1/30, , 10, , 8
2017/1/31, , 12, , 6
2017/2/1, , 13, , 5
2017/2/2, , 10, , 9
2017/2/4, , 7, , 6
2017/2/6, , 19, , 8
2017/2/7, , 40, , 6
2017/2/8, , 31, , 6
2017/2/9, , 37, , 9
2017/2/10, , 51, , 6
2017/2/11, , 56, , 
2017/2/12, , 43, , 7
2017/2/13, , 37, , 12
2017/2/14, , 38, , 15
2017/2/15, , 42, , 13
2017/2/16, , 43, , 10
2017/2/17, , 33, , 6
2017/2/18, , 19, , 5
2017/2/19, , 20, , 4
2017/2/20, , 19, , 8
2017/2/21, , 12, , 4
2017/2/22, , 15, , 
2017/2/23, , 7, , 8
2017/2/24, , 10, , 6
2017/2/25, , 12, , 
2017/2/26, , 11, , 
2017/2/27, , 10, , 
2017/2/28, , 8, , 5
2017/3/3, , 12, , 6
2017/3/4, , 16, , 2
2017/3/5, , 12, , 7
2017/3/6, , 5, , 9
2017/3/7, , 15, , 4
2017/3/8, , 15, , 8
2017/3/9, , 10, , 5
2017/3/10, , 12, , 4
2017/3/11, , 21, , 4
2017/3/12, , 14, , 11
2017/3/13, , 29, , 8
2017/3/14, , 43, , 9
2017/3/15, , 36, , 8
2017/3/16, , 38, , 8
2017/3/17, , 45, , 2
2017/3/18, , 21, , 
2017/3/19, , 7, , 3
2017/3/21, , 10, , 8
2017/3/22, , 21, , 5
2017/3/23, , 26, , 4
2017/3/24, , 24, , 6
2017/3/25, , 28, , 5
2017/3/26, , 20, , 10
2017/3/27, , 26, , 8
2017/3/28, , 39, , 4
2017/3/29, , 36, , 6
2017/3/30, , 19, , 7
2017/3/31, , 21, , 4
2016/10/1, , 14, , 
2016/10/2, , 8, , 2
2016/10/3, , 10, , 6
2016/10/4, , 13, , 6
2016/10/5, , 17, , 6
2016/10/6, , 19, , 6
2016/10/7, , 13, , 3
2016/10/8, , 10, , 3
2016/10/9, , 12, , 7
2016/10/10, , 20, , 7
2016/10/11, , 37, , 3
2016/10/12, , 24, , 3
2016/10/13, , 16, , 6
2016/10/14, , 24, , 6
2016/10/15, , 29, , 3
2016/10/16, , 19, , 10
2016/10/17, , 19, , 6
2016/10/18, , 21, , 6
2016/10/19, , 14, , 8
2016/10/20, , 13, , 9
2016/10/21, , 24, , 7
2016/10/22, , 17, , 4
2016/10/23, , 14, , 7
2016/10/24, , 18, , 10
2016/10/25, , 17, , 10
2016/10/26, , 20, , 11
2016/10/27, , 43, , 8
2016/10/28, , 28, , 4
2016/10/29, , 18, , 3
2016/10/30, , 17, , 5
2016/10/31, , 25, , 10
2016/11/1, , 28, , 9
2016/11/2, , 16, , 8
2016/11/3, , 15, , 4
2016/11/4, , 20, , 5
2016/11/5, , 22, , 3
2016/11/6, , 20, , 8
2016/11/7, , 12, , 9
2016/11/8, , 10, , 7
2016/11/9, , 13, , 10
2016/11/10, , 10, , 8
2016/11/11, , 17, , 5
2016/11/12, , 31, , 4
2016/11/13, , 24, , 9
2016/11/14, , 28, , 7
2016/11/15, , 21, , 8
2016/11/16, , 9, , 4
2016/11/17, , 9, , 4
2016/11/22, , 18, , 8
2016/11/23, , 33, , 8
2016/11/24, , 28, , 6
2016/11/25, , 28, , 7
2016/11/26, , 37, , 
2016/11/27, , 40, , 12
2016/11/28, , 15, , 14
2016/11/29, , 19, , 16
2016/11/30, , 19, , 17
2016/12/1, , 23, , 6
2016/12/2, , 20, , 6
2016/12/3, , 18, , 7
2016/12/4, , 15, , 15
2016/12/5, , 46, , 14
2016/12/6, , 47, , 11
2016/12/7, , 19, , 13
2016/12/8, , 10, , 10
2016/12/9, , 14, , 7
2016/12/10, , 15, , 5
2016/12/11, , 15, , 10
2016/12/12, , 15, , 7
2016/12/13, , 14, , 8
2016/12/14, , 14, , 10
2016/12/15, , 16, , 9
2016/12/16, , 12, , 9
2016/12/17, , 14, , 11
2016/12/18, , 21, , 11
2016/12/19, , 25, , 15
2016/12/20, , 20, , 11
2016/12/21, , 22, , 9
2016/12/22, , 13, , 6
2016/12/23, , 7, , 
2016/12/24, , 6, , 
2016/12/25, , 12, , 2
2016/12/26, , 8, , 6
2016/12/27, , 12, , 4
2016/12/28, , 19, , 10
2016/12/29, , 36, , 12
2016/12/30, , 38, , 8
2016/12/31, , 21, , 6
2017/1/1, , 23, , 8
2016/7/1, , 10, , 3
2016/7/2, , 6, , 
2016/7/4, , 13, , 4
2016/7/5, , 14, , 3
2016/7/6, , 10, , 3
2016/7/7, , 12, , 5
2016/7/8, , 17, , 3
2016/7/9, , 17, , 3
2016/7/10, , 17, , 4
2016/7/11, , 13, , 4
2016/7/12, , 12, , 5
2016/7/13, , 15, , 3
2016/7/14, , 13, , 4
2016/7/15, , 8, , 3
2016/7/16, , 16, , 3
2016/7/17, , 17, , 4
2016/7/18, , 18, , 6
2016/7/19, , 27, , 6
2016/7/20, , 25, , 5
2016/7/21, , 28, , 7
2016/7/22, , 34, , 3
2016/7/23, , 28, , 
2016/7/24, , 17, , 7
2016/7/25, , 21, , 4
2016/7/26, , 22, , 4
2016/7/27, , 25, , 3
2016/7/28, , 21, , 4
2016/7/29, , 12, , 3
2016/7/30, , 7, , 
2016/7/31, , 13, , 5
2016/8/1, , 14, , 5
2016/8/2, , 14, , 
2016/8/3, , 8, , 3
2016/8/4, , 11, , 4
2016/8/5, , 16, , 4
2016/8/6, , 20, , 
2016/8/7, , 14, , 4
2016/8/8, , 10, , 5
2016/8/9, , 16, , 
2016/8/11, , 14, , 5
2016/8/12, , 11, , 2
2016/8/13, , 15, , 3
2016/8/14, , 19, , 6
2016/8/15, , 16, , 4
2016/8/16, , 21, , 7
2016/8/17, , 27, , 8
2016/8/18, , 31, , 7
2016/8/19, , 37, , 4
2016/8/20, , 26, , 
2016/8/21, , 12, , 5
2016/8/22, , 12, , 6
2016/8/23, , 17, , 7
2016/8/24, , 29, , 9
2016/8/25, , 36, , 10
2016/8/26, , 33, , 4
2016/8/27, , 35, , 4
2016/8/28, , 23, , 4
2016/8/29, , 15, , 4
2016/8/30, , 20, , 8
2016/8/31, , 30, , 7
2016/9/1, , 40, , 6
2016/9/2, , 34, , 8
2016/9/3, , 26, , 9
2016/9/4, , 27, , 6
2016/9/5, , 13, , 5
2016/9/6, , 20, , 9
2016/9/7, , 28, , 9
2016/9/8, , 36, , 9
2016/9/9, , 31, , 10
2016/9/10, , 33, , 7
2016/9/11, , 33, , 10
2016/9/12, , 33, , 10
2016/9/13, , 50, , 13
2016/9/14, , 54, , 9
2016/9/15, , 53, , 6
2016/9/16, , 35, , 8
2016/9/17, , 25, , 3
2016/9/18, , 26, , 6
2016/9/19, , 15, , 6
2016/9/20, , 24, , 7
2016/9/21, , 27, , 9
2016/9/22, , 36, , 10
2016/9/23, , 48, , 3
2016/9/24, , 40, , 3
2016/9/25, , 24, , 7
2016/9/26, , 17, , 7
2016/9/27, , 30, , 5
2016/9/28, , 25, , 3
2016/9/29, , 14, , 5
2016/9/30, , 11, , 3
2016/4/1, , 16, , 4
2016/4/2, , 27, , 
2016/4/3, , 17, , 6
2016/4/4, , 17, , 7
2016/4/5, , 25, , 4
2016/4/6, , 21, , 4
2016/4/7, , 9, , 7
2016/4/8, , 15, , 5
2016/4/9, , 29, , 2
2016/4/10, , 17, , 6
2016/4/11, , 25, , 7
2016/4/12, , 34, , 7
2016/4/13, , 27, , 8
2016/4/14, , 35, , 5
2016/4/15, , 24, , 3
2016/4/16, , 10, , 3
2016/4/17, , 9, , 6
2016/4/18, , 21, , 5
2016/4/19, , 26, , 7
2016/4/20, , 23, , 6
2016/4/21, , 33, , 6
2016/4/22, , 28, , 2
2016/4/23, , 17, , 
2016/4/24, , 8, , 4
2016/4/25, , 10, , 3
2016/4/26, , 8, , 6
2016/4/28, , 10, , 3
2016/4/29, , 11, , 4
2016/4/30, , 17, , 4
2016/5/1, , 19, , 7
2016/5/2, , 30, , 9
2016/5/3, , 39, , 7
2016/5/4, , 24, , 5
2016/5/5, , 17, , 7
2016/5/6, , 24, , 5
2016/5/7, , 28, , 3
2016/5/8, , 18, , 6
2016/5/9, , 23, , 5
2016/5/10, , 29, , 7
2016/5/11, , 27, , 6
2016/5/12, , 30, , 6
2016/5/13, , 31, , 
2016/5/14, , 19, , 
2016/5/15, , 7, , 
2016/5/17, , 15, , 4
2016/5/18, , 27, , 8
2016/5/19, , 21, , 6
2016/5/20, , 22, , 3
2016/5/21, , 12, , 5
2016/5/22, , 10, , 4
2016/5/23, , 7, , 3
2016/5/24, , 19, , 5
2016/5/25, , 28, , 4
2016/5/26, , 30, , 7
2016/5/27, , 26, , 3
2016/5/28, , 25, , 3
2016/5/29, , 21, , 4
2016/5/30, , 26, , 5
2016/5/31, , 20, , 8
2016/6/1, , 24, , 7
2016/6/2, , 24, , 5
2016/6/3, , 23, , 2
2016/6/4, , 24, , 3
2016/6/5, , 24, , 7
2016/6/6, , 33, , 7
2016/6/7, , 46, , 5
2016/6/8, , 34, , 3
2016/6/9, , 26, , 4
2016/6/10, , 21, , 
2016/6/11, , 21, , 
2016/6/12, , 15, , 4
2016/6/13, , 16, , 3
2016/6/14, , 12, , 5
2016/6/15, , 11, , 4
2016/6/16, , 12, , 3
2016/6/17, , 15, , 3
2016/6/18, , 11, , 
2016/6/19, , 10, , 7
2016/6/20, , 17, , 4
2016/6/21, , 15, , 3
2016/6/22, , 10, , 5
2016/6/23, , 16, , 6
2016/6/24, , 21, , 4
2016/6/25, , 27, , 3
2016/6/26, , 13, , 4
2016/6/27, , 5, , 4
2016/6/28, , 10, , 3
2016/6/29, , 10, , 4
2016/6/30, , 11, , 
2016/1/4, , 5, , 4
2016/1/5, , 10, , 6
2016/1/6, , 8, , 6
2016/1/7, , 11, , 8
2016/1/8, , 11, , 6
2016/1/9, , 12, , 
2016/1/10, , 7, , 6
2016/1/14, , 7, , 8
2016/1/15, , 10, , 3
2016/1/16, , 14, , 5
2016/1/17, , 10, , 12
2016/1/18, , 16, , 13
2016/1/19, , 17, , 21
2016/1/20, , 18, , 19
2016/1/21, , 27, , 13
2016/1/22, , 28, , 8
2016/1/23, , 17, , 3
2016/1/24, , 13, , 6
2016/1/25, , 7, , 5
2016/1/26, , 12, , 2
2016/1/27, , 10, , 10
2016/1/28, , 14, , 6
2016/1/29, , 21, , 
2016/1/30, , 12, , 
2016/2/3, , 10, , 7
2016/2/4, , 13, , 4
2016/2/5, , 9, , 
2016/2/10, , 10, , 7
2016/2/11, , 11, , 7
2016/2/12, , 17, , 6
2016/2/13, , 28, , 6
2016/2/14, , 15, , 6
2016/2/15, , 11, , 10
2016/2/16, , 15, , 11
2016/2/17, , 19, , 10
2016/2/18, , 19, , 11
2016/2/19, , 24, , 4
2016/2/20, , 20, , 
2016/2/21, , 7, , 6
2016/2/24, , 11, , 12
2016/2/25, , 13, , 8
2016/2/26, , 13, , 5
2016/2/27, , 16, , 3
2016/2/28, , 22, , 7
2016/2/29, , 29, , 9
2016/3/1, , 41, , 4
2016/3/2, , 28, , 5
2016/3/3, , 9, , 5
2016/3/4, , 16, , 7
2016/3/5, , 11, , 7
2016/3/6, , 17, , 11
2016/3/7, , 23, , 12
2016/3/8, , 22, , 8
2016/3/9, , 20, , 7
2016/3/10, , 36, , 6
2016/3/11, , 54, , 4
2016/3/12, , 35, , 
2016/3/13, , 19, , 6
2016/3/14, , 26, , 9
2016/3/15, , 49, , 4
2016/3/16, , 24, , 9
2016/3/17, , 39, , 11
2016/3/18, , 54, , 4
2016/3/19, , 30, , 
2016/3/20, , 14, , 6
2016/3/21, , 10, , 6
2016/3/22, , 20, , 7
2016/3/23, , 12, , 10
2016/3/24, , 26, , 4
2016/3/25, , 34, , 3
2016/3/26, , 13, , 
2016/3/27, , 12, , 
2016/3/28, , 12, , 3
2016/3/30, , 10, , 6
2016/3/31, , 16, , 7
2015/10/2, , 39, , 5
2015/10/3, , 31, , 2
2015/10/4, , 20, , 5
2015/10/5, , 17, , 6
2015/10/6, , 13, , 5
2015/10/7, , 10, , 8
2015/10/8, , 8, , 8
2015/10/9, , 12, , 3
2015/10/10, , 17, , 3
2015/10/11, , 22, , 10
2015/10/12, , 26, , 7
2015/10/13, , 48, , 5
2015/10/14, , 31, , 7
2015/10/15, , 18, , 11
2015/10/16, , 10, , 10
2015/10/17, , 14, , 3
2015/10/18, , 18, , 9
2015/10/19, , 27, , 8
2015/10/20, , 32, , 7
2015/10/21, , 34, , 5
2015/10/22, , 16, , 10
2015/10/23, , 16, , 7
2015/10/24, , 33, , 5
2015/10/25, , 25, , 8
2015/10/26, , 20, , 9
2015/10/27, , 43, , 9
2015/10/28, , 30, , 10
2015/10/29, , 36, , 8
2015/10/30, , 55, , 10
2015/10/31, , 53, , 7
2015/11/1, , 29, , 13
2015/11/2, , 26, , 12
2015/11/3, , 48, , 11
2015/11/4, , 28, , 10
2015/11/5, , 16, , 8
2015/11/6, , 14, , 5
2015/11/7, , 9, , 4
2015/11/8, , 10, , 8
2015/11/9, , 10, , 8
2015/11/10, , 13, , 10
2015/11/11, , 14, , 9
2015/11/12, , 18, , 10
2015/11/13, , 19, , 4
2015/11/14, , 11, , 5
2015/11/15, , 5, , 4
2015/11/16, , 11, , 5
2015/11/17, , 9, , 4
2015/11/18, , 12, , 3
2015/11/19, , 14, , 7
2015/11/20, , 11, , 7
2015/11/21, , 14, , 3
2015/11/22, , 9, , 10
2015/11/23, , 8, , 8
2015/11/24, , 14, , 12
2015/11/25, , 12, , 11
2015/11/26, , 14, , 9
2015/11/27, , 14, , 3
2015/11/28, , 6, , 
2015/11/30, , 8, , 8
2015/12/2, , 14, , 7
2015/12/3, , 21, , 7
2015/12/4, , 16, , 3
2015/12/5, , 10, , 
2015/12/7, , 11, , 5
2015/12/8, , 12, , 7
2015/12/9, , 18, , 4
2015/12/10, , 21, , 3
2015/12/11, , 9, , 4
2015/12/12, , 10, , 6
2015/12/13, , 8, , 7
2015/12/14, , 10, , 10
2015/12/15, , 18, , 9
2015/12/16, , 18, , 5
2015/12/17, , 8, , 7
2015/12/18, , 15, , 2
2015/12/19, , 19, , 
2015/12/20, , 16, , 3
2015/12/21, , 13, , 
2015/12/22, , 5, , 6
2015/12/23, , 10, , 2
2015/12/24, , 11, , 
2015/12/25, , 8, , 
2015/12/27, , 13, , 7
2015/12/28, , 41, , 9
2015/12/29, , 47, , 5
2015/12/30, , 27, , 
2015/7/1, , 30, , 7
2015/7/2, , 32, , 6
2015/7/3, , 35, , 4
2015/7/4, , 32, , 3
2015/7/5, , 30, , 3
2015/7/6, , 21, , 5
2015/7/7, , 20, , 
2015/7/8, , 22, , 
2015/7/10, , 13, , 5
2015/7/11, , 18, , 3
2015/7/12, , 18, , 3
2015/7/13, , 14, , 3
2015/7/14, , 7, , 4
2015/7/15, , 15, , 4
2015/7/16, , 17, , 5
2015/7/17, , 21, , 4
2015/7/18, , 24, , 
2015/7/20, , 13, , 
2015/7/21, , 11, , 4
2015/7/22, , 17, , 5
2015/7/23, , 19, , 5
2015/7/24, , 22, , 2
2015/7/25, , 20, , 
2015/7/26, , 9, , 3
2015/7/28, , 10, , 2
2015/7/29, , 11, , 4
2015/7/30, , 8, , 5
2015/7/31, , 12, , 5
2015/8/1, , 15, , 2
2015/8/2, , 17, , 5
2015/8/3, , 19, , 8
2015/8/4, , 24, , 5
2015/8/5, , 21, , 11
2015/8/6, , 27, , 5
2015/8/7, , 35, , 3
2015/8/8, , 28, , 
2015/8/9, , 20, , 8
2015/8/10, , 22, , 4
2015/8/11, , 24, , 4
2015/8/12, , 20, , 5
2015/8/13, , 21, , 7
2015/8/14, , 31, , 2
2015/8/15, , 17, , 
2015/8/16, , 7, , 9
2015/8/19, , 18, , 7
2015/8/20, , 26, , 9
2015/8/21, , 37, , 6
2015/8/22, , 36, , 2
2015/8/23, , 27, , 5
2015/8/24, , 20, , 3
2015/8/25, , 10, , 3
2015/8/26, , 10, , 7
2015/8/27, , 11, , 6
2015/8/28, , 8, , 3
2015/8/29, , 12, , 3
2015/8/30, , 12, , 8
2015/8/31, , 22, , 4
2015/9/1, , 25, , 5
2015/9/2, , 12, , 6
2015/9/3, , 15, , 6
2015/9/4, , 16, , 3
2015/9/5, , 11, , 
2015/9/6, , 5, , 3
2015/9/8, , 10, , 5
2015/9/9, , 19, , 6
2015/9/10, , 31, , 10
2015/9/11, , 35, , 9
2015/9/12, , 43, , 3
2015/9/13, , 21, , 4
2015/9/14, , 8, , 
2015/4/3, , 10, , 6
2015/4/4, , 15, , 3
2015/4/5, , 27, , 3
2015/4/6, , 40, , 3
2015/4/7, , 41, , 11
2015/4/8, , 46, , 5
2015/4/9, , 32, , 6
2015/4/10, , 51, , 10
2015/4/11, , 34, , 6
2015/4/12, , 11, , 
2015/4/13, , 10, , 4
2015/4/14, , 18, , 6
2015/4/15, , 27, , 8
2015/4/16, , 36, , 7
2015/4/17, , 30, , 6
2015/4/18, , 23, , 4
2015/4/19, , 17, , 2
2015/4/20, , 27, , 7
2015/4/21, , 39, , 7
2015/4/22, , 30, , 4
2015/4/23, , 28, , 6
2015/4/24, , 50, , 8
2015/4/25, , 36, , 5
2015/4/26, , 17, , 3
2015/4/27, , 8, , 6
2015/4/28, , 16, , 6
2015/4/29, , 38, , 6
2015/4/30, , 31, , 5
2015/5/1, , 16, , 4
2015/5/2, , 14, , 3
2015/5/3, , 15, , 2
2015/5/4, , 9, , 5
2015/5/5, , 14, , 3
2015/5/6, , 17, , 4
2015/5/7, , 13, , 5
2015/5/8, , 21, , 4
2015/5/9, , 20, , 3
2015/5/10, , 14, , 
2015/5/11, , 17, , 6
2015/5/12, , 21, , 7
2015/5/13, , 20, , 6
2015/5/14, , 15, , 3
2015/5/15, , 14, , 6
2015/5/16, , 20, , 4
2015/5/17, , 16, , 3
2015/5/18, , 24, , 6
2015/5/19, , 18, , 3
2015/5/20, , 13, , 5
2015/5/21, , 16, , 5
2015/5/22, , 22, , 6
2015/5/23, , 29, , 4
2015/5/24, , 22, , 3
2015/5/25, , 17, , 3
2015/5/26, , 11, , 3
2015/5/27, , 10, , 6
2015/5/28, , 15, , 3
2015/5/29, , 20, , 6
2015/5/30, , 12, , 
2015/6/1, , 11, , 6
2015/6/2, , 17, , 2
2015/6/3, , 15, , 4
2015/6/4, , 17, , 3
2015/6/5, , 25, , 10
2015/6/6, , 31, , 3
2015/6/7, , 15, , 3
2015/6/8, , 13, , 4
2015/6/9, , 15, , 3
2015/6/10, , 19, , 5
2015/6/11, , 24, , 6
2015/6/12, , 30, , 7
2015/6/13, , 26, , 5
2015/6/14, , 17, , 2
2015/6/15, , 14, , 
2015/6/16, , 16, , 5
2015/6/17, , 20, , 6
2015/6/18, , 20, , 3
2015/6/19, , 14, , 5
2015/6/20, , 9, , 
2015/6/21, , 11, , 3
2015/6/22, , 11, , 5
2015/6/23, , 9, , 3
2015/6/24, , 14, , 5
2015/6/25, , 27, , 8
2015/6/26, , 29, , 5
2015/6/27, , 24, , 3
2015/6/28, , 13, , 3
2015/6/29, , 14, , 5
2015/6/30, , 22, , 4
2015/1/1, , 21, , 4
2015/1/2, , 11, , 4
2015/1/3, , 12, , 4
2015/1/4, , 13, , 9
2015/1/5, , 18, , 10
2015/1/6, , 29, , 9
2015/1/7, , 27, , 3
2015/1/8, , 12, , 3
2015/1/11, , 11, , 2
2015/1/12, , 11, , 3
2015/1/13, , 5, , 3
2015/1/16, , 11, , 6
2015/1/17, , 19, , 2
2015/1/18, , 17, , 12
2015/1/19, , 29, , 17
2015/1/20, , 53, , 11
2015/1/21, , 40, , 9
2015/1/22, , 35, , 7
2015/1/23, , 39, , 7
2015/1/24, , 29, , 6
2015/1/25, , 20, , 7
2015/1/26, , 14, , 7
2015/1/27, , 12, , 5
2015/1/28, , 15, , 8
2015/1/29, , 8, , 9
2015/1/30, , 10, , 9
2015/1/31, , 12, , 6
2015/2/1, , 17, , 8
2015/2/2, , 14, , 12
2015/2/3, , 13, , 10
2015/2/4, , 14, , 8
2015/2/5, , 18, , 7
2015/2/6, , 24, , 10
2015/2/7, , 31, , 4
2015/2/8, , 19, , 4
2015/2/9, , 17, , 9
2015/2/10, , 10, , 6
2015/2/11, , 11, , 10
2015/2/12, , 18, , 11
2015/2/13, , 27, , 7
2015/2/14, , 27, , 4
2015/2/15, , 20, , 
2015/2/16, , 25, , 17
2015/2/17, , 49, , 11
2015/2/18, , 34, , 10
2015/2/19, , 23, , 4
2015/2/20, , 27, , 7
2015/2/21, , 16, , 5
2015/2/22, , 14, , 6
2015/2/23, , 11, , 5
2015/2/24, , 6, , 6
2015/2/25, , 12, , 4
2015/2/26, , 15, , 9
2015/2/27, , 12, , 7
2015/2/28, , 14, , 3
2015/3/1, , 10, , 5
2015/3/2, , 10, , 4
2015/3/3, , 16, , 8
2015/3/4, , 13, , 8
2015/3/5, , 16, , 14
2015/3/6, , 27, , 5
2015/3/7, , 31, , 2
2015/3/8, , 16, , 10
2015/3/9, , 31, , 10
2015/3/10, , 44, , 8
2015/3/11, , 26, , 8
2015/3/12, , 45, , 6
2015/3/13, , 42, , 5
2015/3/14, , 33, , 
2015/3/15, , 24, , 10
2015/3/16, , 28, , 12
2015/3/17, , 52, , 12
2015/3/18, , 58, , 9
2015/3/19, , 65, , 12
2015/3/20, , 63, , 13
2015/3/21, , 61, , 3
2015/3/22, , 17, , 8
2015/3/23, , 26, , 11
2015/3/24, , 55, , 11
2015/3/25, , 58, , 5
2015/3/26, , 41, , 7
2015/3/27, , 16, , 6
2015/3/28, , 20, , 
2015/3/29, , 13, , 4
2015/3/31, , 7, , 4
2014/10/1, , 36, , 8
2014/10/2, , 39, , 4
2014/10/3, , 29, , 7
2014/10/4, , 23, , 4
2014/10/5, , 25, , 6
2014/10/6, , 32, , 3
2014/10/7, , 20, , 7
2014/10/8, , 7, , 5
2014/10/9, , 8, , 6
2014/10/10, , 13, , 3
2014/10/11, , 26, , 
2014/10/12, , 18, , 8
2014/10/13, , 10, , 7
2014/10/14, , 19, , 7
2014/10/15, , 20, , 6
2014/10/16, , 19, , 7
2014/10/17, , 13, , 4
2014/10/18, , 9, , 
2014/10/19, , 5, , 5
2014/10/20, , 10, , 3
2014/10/21, , 12, , 3
2014/10/22, , 7, , 10
2014/10/23, , 18, , 5
2014/10/24, , 30, , 3
2014/10/25, , 21, , 3
2014/10/26, , 12, , 8
2014/10/27, , 14, , 11
2014/10/28, , 34, , 11
2014/10/29, , 42, , 9
2014/10/30, , 26, , 6
2014/10/31, , 18, , 3
2014/11/1, , 13, , 2
2014/11/2, , 15, , 
2014/11/3, , 15, , 11
2014/11/4, , 7, , 10
2014/11/5, , 13, , 8
2014/11/6, , 37, , 5
2014/11/7, , 27, , 2
2014/11/8, , 14, , 3
2014/11/9, , 11, , 8
2014/11/10, , 13, , 6
2014/11/11, , 15, , 10
2014/11/12, , 24, , 10
2014/11/13, , 39, , 7
2014/11/14, , 36, , 6
2014/11/15, , 23, , 6
2014/11/16, , 14, , 9
2014/11/17, , 14, , 7
2014/11/18, , 35, , 8
2014/11/19, , 27, , 8
2014/11/20, , 23, , 8
2014/11/21, , 49, , 8
2014/11/22, , 44, , 3
2014/11/23, , 18, , 9
2014/11/24, , 18, , 9
2014/11/25, , 32, , 9
2014/11/26, , 30, , 9
2014/11/27, , 31, , 8
2014/11/28, , 33, , 5
2014/11/29, , 25, , 3
2014/11/30, , 19, , 5
2014/12/1, , 25, , 6
2014/12/2, , 43, , 8
2014/12/3, , 51, , 8
2014/12/4, , 47, , 9
2014/12/5, , 38, , 15
2014/12/6, , 26, , 7
2014/12/7, , 27, , 9
2014/12/8, , 11, , 8
2014/12/9, , 14, , 8
2014/12/10, , 11, , 6
2014/12/11, , 10, , 3
2014/12/12, , 6, , 6
2014/12/14, , 11, , 9
2014/12/15, , 11, , 8
2014/12/16, , 11, , 8
2014/12/17, , 11, , 6
2014/12/18, , 7, , 4
2014/12/20, , 10, , 2
2014/12/21, , 12, , 2
2014/12/22, , 8, , 3
2014/12/25, , 11, , 5
2014/12/26, , 15, , 3
2014/12/27, , 13, , 4
2014/12/28, , 14, , 
2014/8/17, , 9, , 4
2014/8/20, , 10, , 7
2014/8/21, , 12, , 4
2014/8/22, , 12, , 4
2014/8/23, , 11, , 3
2014/8/24, , 10, , 7
2014/8/25, , 14, , 7
2014/8/26, , 12, , 6
2014/8/27, , 12, , 6
2014/8/28, , 22, , 5
2014/8/29, , 21, , 4
2014/8/30, , 15, , 
2014/8/31, , 12, , 6
2014/9/1, , 13, , 6
2014/9/2, , 21, , 5
2014/9/3, , 18, , 5
2014/9/4, , 27, , 8
2014/9/5, , 43, , 6
2014/9/6, , 43, , 6
2014/9/7, , 42, , 8
2014/9/9, , 35, , 5
2014/9/10, , 21, , 5
2014/9/11, , 25, , 6
2014/9/12, , 23, , 4
2014/9/13, , 29, , 5
2014/9/14, , 31, , 7
2014/9/15, , 21, , 7
2014/9/16, , 33, , 9
2014/9/17, , 35, , 8
2014/9/18, , 44, , 7
2014/9/19, , 33, , 5
2014/9/20, , 22, , 2
2014/9/21, , 24, , 5
2014/9/22, , 18, , 7
2014/9/23, , 17, , 6
2014/9/24, , 27, , 8
2014/9/25, , 27, , 7
2014/9/26, , 16, , 4
2014/9/27, , 22, , 4
2014/9/28, , 14, , 9
2014/9/29, , 16, , 7
2014/9/30, , 21, , 8
2020/3/11, , , 31, 
2020/3/12, , , 29, 5
2020/3/22, , , 29, 3
2020/2/23, , , 21, 3
2020/2/26, , , 27, 5
2020/1/13, , , 25, 
2020/1/14, , , 28, 
2020/1/28, , , 27, 3
2019/9/30, , , 26, 2
2019/10/2, , , 19, 2
2019/10/17, , , 29, 3
2019/10/18, , , 24, 2
2019/11/3, , , 22, 
2019/11/4, , , 19, 10
2019/11/5, , , 12, 5
2019/11/19, , , 11, 7
2019/11/27, , , 24, 4
2019/11/28, , , 26, 4
2019/12/9, , , 24, 7
2019/12/12, , , 25, 7
2019/12/13, , , 31, 2
2019/12/14, , , 32, 2
2019/12/22, , , 23, 3
2019/12/23, , , 26, 
2019/8/18, , , 29, 3
2019/5/17, , , 44, 3
2019/6/9, , , 37, 3
2018/12/31, , , 29, 3
2019/1/6, , , 17, 7
2019/1/9, , , 20, 7
2019/1/13, , , 30, 2
2019/1/14, , , 20, 5
2019/1/27, , , 21, 5
2019/1/28, , , 23, 5
2019/2/9, , , 30, 4
2019/2/10, , , 26, 3
2019/2/11, , , 20, 10
2019/3/13, , , 33, 3
2019/3/14, , , 29, 5
2019/3/15, , , 31, 
2019/3/16, , , 34, 
2019/3/17, , , 32, 5
2018/10/30, , , 21, 4
2018/10/31, , , 14, 5
2018/11/12, , , 23, 4
2018/11/13, , , 20, 10
2018/12/7, , , 27, 
2018/12/8, , , 30, 
2018/12/9, , , 28, 5
2018/12/10, , , 19, 8
2018/12/20, , , 29, 
2018/12/21, , , 28, 
2018/9/23, , , 26, 4
2018/9/24, , , 26, 5
2019/12/31, , , , 5
2018/8/19, , , , 5
2018/8/26, , , , 3
2018/8/27, , , , 6
2018/3/31, , , , 4
2018/5/26, , , , 7
2018/5/27, , , , 6
2018/5/28, , , , 5
2018/5/29, , , , 5
2017/12/31, , , , 3
2018/1/3, , , , 4
2018/1/17, , , , 4
2018/1/19, , , , 3
2018/1/20, , , , 9
2018/1/25, , , , 8
2018/1/29, , , , 10
2018/2/1, , , , 8
2017/12/27, , , , 4
2017/4/2, , , , 6
2017/2/3, , , , 3
2017/2/5, , , , 9
2017/3/1, , , , 4
2017/3/2, , , , 5
2017/3/20, , , , 6
2016/11/20, , , , 3
2016/11/21, , , , 9
2016/7/3, , , , 6
2016/8/10, , , , 5
2016/4/27, , , , 5
2016/5/16, , , , 6
2016/1/3, , , , 6
2016/1/11, , , , 6
2016/1/12, , , , 6
2016/1/13, , , , 4
2016/1/31, , , , 3
2016/2/1, , , , 5
2016/2/2, , , , 7
2016/2/8, , , , 5
2016/2/9, , , , 5
2016/2/22, , , , 8
2016/2/23, , , , 7
2016/3/29, , , , 5
2015/10/1, , , , 10
2015/11/29, , , , 7
2015/12/1, , , , 7
2015/12/6, , , , 9
2015/7/9, , , , 4
2015/7/19, , , , 2
2015/7/27, , , , 3
2015/8/17, , , , 6
2015/8/18, , , , 4
2015/9/7, , , , 3
2015/4/1, , , , 6
2015/4/2, , , , 3
2015/5/31, , , , 3
2014/12/31, , , , 7
2015/1/14, , , , 2
2015/1/15, , , , 10
2015/3/30, , , , 2
2014/12/13, , , , 5
2014/12/19, , , , 3
2014/12/24, , , , 4
2014/8/16, , , , 2
2014/8/19, , , , 5
2014/9/8, , , , 6